tile_1,tile_2,tile_3,tile_4,tile_5,tile_6,tile_7,tile_8,tile_9,tile_10,tile_11,tile_12,tile_13,tile_14,dora,choice
11,21,22,22,24,25,27,29,35,39,41,42,45,47,31,11
17,19,21,24,26,28,36,39,39,41,43,45,46,46,47,21
12,21,22,32,32,32,34,35,36,36,43,44,44,47,31,12
17,19,21,21,23,25,25,26,28,31,36,44,45,47,47,31
14,17,23,29,32,33,34,36,36,38,43,44,46,47,44,29
11,11,18,19,27,27,29,32,33,36,42,45,46,47,34,36
15,15,16,17,24,28,32,33,37,39,44,44,45,46,45,45
14,16,19,21,25,29,31,33,36,41,42,43,44,47,24,36
12,14,21,26,27,31,36,37,37,38,38,43,45,47,34,21
13,14,19,19,27,29,29,33,34,34,36,39,42,42,12,39
11,13,23,25,26,26,27,28,32,35,37,38,39,42,11,32
11,13,24,25,28,29,31,33,33,34,36,37,39,44,12,44
11,12,13,21,21,22,31,34,35,36,46,46,47,47,34,31
11,17,19,19,26,27,28,32,33,33,37,38,45,47,33,11
14,15,17,18,21,23,26,26,31,36,39,41,42,45,25,39
13,14,14,15,15,16,25,26,31,33,33,36,42,43,34,42
14,16,17,17,25,27,28,31,32,38,43,44,46,46,32,43
11,12,18,19,23,26,27,29,32,38,39,41,44,46,17,44
12,13,14,19,22,23,25,29,29,34,35,37,39,44,25,19
12,13,17,26,26,27,28,32,32,34,39,41,44,46,19,39
11,13,13,16,19,36,38,38,39,41,42,42,45,46,17,19
16,25,26,26,28,29,31,31,32,36,36,37,41,47,21,29
11,13,21,28,29,31,32,34,34,42,43,45,47,47,14,42
11,19,26,28,29,31,32,35,38,41,43,44,45,46,29,35
11,13,13,15,17,23,27,31,32,34,36,39,43,46,35,39
11,11,12,18,19,21,22,23,24,33,33,36,44,47,22,44
11,11,12,19,26,28,29,34,34,35,36,39,43,43,22,39
12,13,13,18,19,22,23,26,29,29,33,34,44,44,14,29
14,17,22,23,24,24,26,29,29,35,36,36,42,47,12,42
15,19,21,22,26,29,32,35,39,44,44,44,46,46,11,39
16,16,22,28,33,35,35,38,39,39,41,42,44,47,29,42
11,14,18,21,23,23,24,27,27,31,32,34,42,43,32,11
11,12,15,17,18,19,32,33,35,35,36,38,39,42,43,42
11,14,15,23,24,24,26,35,36,38,39,41,43,46,14,11
15,15,16,18,21,22,23,24,34,37,39,41,44,44,23,41
12,13,13,21,25,29,29,32,38,39,41,42,42,43,26,43
11,12,13,14,18,18,23,29,38,45,46,46,46,47,37,29
19,22,22,25,27,31,31,39,39,39,41,42,43,46,39,19
15,18,26,27,29,32,36,38,38,42,42,43,43,46,15,29
11,17,19,22,23,24,25,27,32,36,37,39,45,46,37,11
11,13,14,17,23,28,28,31,31,33,34,46,47,47,37,11
15,15,16,24,26,29,29,31,31,32,36,38,45,46,25,45
22,22,24,24,25,25,25,27,29,31,33,36,39,45,24,39
12,14,16,16,19,21,27,28,35,36,42,44,44,46,15,21
11,12,12,12,16,21,22,23,25,27,28,28,41,45,27,45
14,15,18,21,25,28,31,31,33,34,38,41,43,46,43,28
12,15,22,22,24,25,27,29,32,33,33,35,37,44,13,44
13,13,14,15,15,22,26,28,32,36,37,38,47,47,22,32
12,13,17,18,21,25,26,28,28,33,34,38,43,43,33,21
13,14,16,18,25,33,38,38,39,41,44,45,47,47,27,44
14,16,18,19,19,21,24,25,26,27,33,36,39,43,46,39
11,13,15,17,18,23,28,28,33,36,43,46,46,47,34,43
15,17,18,23,25,26,31,37,41,42,43,45,46,47,22,37
13,13,14,17,19,21,22,23,26,26,26,29,36,45,33,29
11,12,14,17,17,19,21,23,23,32,34,39,45,46,14,39
13,17,18,23,28,31,33,35,36,37,38,38,41,45,21,45
15,17,19,21,22,24,25,27,28,35,36,38,46,47,28,46
11,13,14,14,16,25,26,27,31,33,33,37,44,45,34,44
13,16,24,25,25,26,28,36,37,41,43,44,46,47,36,43
14,14,15,16,18,21,22,24,25,29,34,37,38,42,27,29
11,12,14,15,23,23,24,26,27,33,33,34,37,39,25,11
11,11,14,17,17,24,28,29,34,35,36,36,39,47,33,39
15,21,22,22,23,24,24,25,29,33,34,37,43,47,44,29
12,14,16,22,23,26,35,36,37,39,39,43,45,47,24,43
15,16,17,18,26,27,29,33,37,38,42,43,44,47,43,43
12,13,14,14,25,25,25,35,37,39,42,44,45,47,44,44
13,16,17,22,25,26,33,37,41,43,44,45,45,46,37,22
11,11,16,18,21,23,25,27,29,29,29,42,42,46,34,18
14,14,24,24,24,25,26,28,32,36,37,42,44,46,33,44
12,17,19,21,23,24,26,28,29,34,36,36,39,44,41,39
12,13,18,19,23,24,27,31,32,38,42,44,45,45,41,44
14,24,24,27,28,29,33,34,36,37,39,43,44,46,47,43
16,16,19,23,27,27,28,29,33,35,39,42,44,47,14,39
11,18,22,25,26,32,35,36,38,39,44,45,47,47,34,44
12,18,19,22,24,27,29,31,34,42,44,46,46,47,22,31
11,12,17,23,25,26,28,31,34,37,38,39,42,44,34,31
11,15,19,24,28,29,29,41,42,43,44,44,45,47,15,24
11,15,15,15,19,22,25,25,26,26,32,41,41,47,15,11
19,25,25,27,28,28,28,32,34,36,37,38,42,45,41,19
11,11,12,18,18,24,26,27,34,34,41,41,42,44,29,42
13,14,15,21,22,23,24,25,25,29,31,31,45,45,35,29
11,13,13,17,17,18,24,25,28,31,33,39,43,47,14,39
11,15,15,21,22,23,25,28,31,32,36,37,44,46,37,44
11,13,17,17,21,22,24,29,31,34,35,42,46,47,47,42
14,17,19,21,25,27,29,29,31,37,41,42,43,44,24,21
13,15,17,21,22,24,27,33,39,41,44,44,47,47,39,39
15,16,17,21,21,24,28,29,31,32,33,34,41,47,36,29
11,12,13,17,18,29,31,31,33,38,38,39,44,47,13,38
16,16,19,22,28,28,36,37,39,41,44,45,46,46,35,19
16,17,21,24,24,26,26,27,28,29,31,33,38,44,11,38
11,16,18,19,19,23,24,26,26,29,33,43,44,46,47,11
11,12,14,17,19,21,28,28,32,32,33,39,44,45,44,21
14,15,16,18,22,23,24,27,31,34,34,37,41,47,22,31
16,21,23,23,24,25,25,29,35,35,42,42,43,43,22,29
12,13,16,17,29,31,32,33,37,37,39,42,45,46,17,29
13,14,16,17,17,18,23,23,24,33,37,41,44,45,22,44
12,12,14,15,16,18,18,21,22,23,24,27,29,34,19,29
12,16,19,21,27,31,35,35,36,39,42,44,47,47,24,19
12,17,18,22,24,24,27,28,29,31,31,39,44,45,43,44
13,14,15,17,23,24,32,33,35,35,43,44,45,45,44,43
12,13,13,14,16,22,22,28,37,42,42,44,45,46,13,44
13,16,18,19,21,22,24,27,34,39,41,42,46,47,36,39
12,15,16,16,18,21,21,25,26,29,34,34,36,44,31,29
11,13,17,24,32,33,35,35,37,41,42,43,46,47,36,42
12,12,12,18,24,26,27,29,31,32,36,39,39,44,18,44
11,12,14,16,17,29,34,35,38,39,39,41,44,45,25,44
12,16,17,19,22,22,22,23,27,28,32,39,43,46,47,43
12,12,14,17,21,22,22,26,34,36,39,45,45,47,16,39
15,23,26,26,29,33,34,34,35,36,36,42,43,45,43,43
11,16,17,23,23,31,32,34,36,37,39,43,46,47,22,11
13,18,19,22,23,23,27,28,32,33,43,43,45,46,24,23
15,17,18,21,23,26,31,35,35,38,42,43,44,46,13,42
11,11,14,16,19,21,28,31,35,41,44,46,47,47,28,35
12,17,17,18,22,23,24,28,29,31,31,37,47,47,12,29
12,22,23,28,28,32,34,37,38,42,43,45,47,47,41,43
13,13,19,22,23,24,25,28,34,38,41,46,47,47,17,46
14,15,16,19,22,24,28,29,31,34,38,42,42,43,45,31
15,17,21,23,31,32,32,34,35,37,38,43,46,46,44,21
12,14,15,18,22,25,26,29,31,36,38,39,43,46,46,29
12,17,21,23,25,26,27,34,38,39,41,42,43,46,12,43
11,14,16,18,19,26,28,29,36,41,41,43,44,47,14,29
13,13,14,15,17,18,19,22,27,28,29,34,36,39,35,39
14,22,24,25,28,28,29,35,38,39,39,41,46,47,15,46
11,12,13,24,28,29,31,35,38,41,41,42,43,43,47,31
11,15,16,16,19,24,25,26,32,32,38,41,46,47,22,11
12,14,21,22,23,26,29,32,32,34,44,45,46,47,43,29
11,12,15,15,16,17,18,23,26,27,31,32,36,41,36,41
12,12,13,13,14,19,34,34,34,35,37,42,45,45,42,19
11,13,14,15,17,18,24,26,27,31,32,35,39,45,45,39
12,12,18,19,19,26,26,28,32,32,36,37,39,42,11,39
12,19,24,25,27,28,29,31,31,33,37,38,39,43,19,43
14,16,16,19,25,26,26,33,36,36,37,37,42,46,33,19
13,14,14,16,17,21,23,23,25,25,36,37,42,46,46,42
13,16,17,17,22,24,28,32,35,37,38,44,45,45,32,44
11,12,15,16,16,17,17,31,33,34,35,37,41,47,47,11
11,15,19,21,24,24,24,25,27,32,34,37,41,43,38,21
11,14,15,16,17,17,24,25,27,31,34,44,45,46,42,11
13,14,19,21,23,24,25,26,29,29,34,35,37,43,26,19
11,17,18,24,25,27,29,31,33,34,36,41,46,47,22,11
11,21,24,26,27,28,31,34,35,41,43,44,46,47,38,31
11,11,14,15,22,22,22,26,28,36,41,42,44,47,24,42
11,14,17,24,29,31,31,32,34,37,39,41,43,44,21,11
12,17,18,21,23,28,31,32,34,36,37,43,43,47,39,12
13,13,14,16,23,24,31,33,33,35,36,36,37,46,13,46
14,15,19,21,21,25,26,29,29,31,34,34,42,45,16,19
12,14,14,14,17,24,25,27,29,29,29,33,35,47,39,47
11,16,16,16,25,25,33,34,37,38,39,39,46,47,32,11
11,16,19,19,21,27,36,39,42,43,44,44,45,46,34,27
16,17,23,23,26,26,26,27,33,34,35,41,45,46,21,45
13,15,16,18,18,25,26,28,29,29,31,31,34,43,45,43
12,16,18,22,25,25,26,27,32,39,43,43,45,46,47,22
15,17,21,23,26,27,27,31,32,33,34,37,42,44,26,42
13,14,14,21,25,26,28,35,36,41,41,43,46,46,33,21
11,12,22,25,25,27,28,31,33,36,37,37,39,46,42,46
13,15,18,21,23,25,28,34,37,42,43,44,45,46,26,42
15,23,26,26,29,33,34,35,35,36,37,38,41,43,28,43
18,19,21,22,24,27,33,34,34,35,37,37,39,41,45,21
13,13,22,23,27,27,27,28,32,33,34,38,41,45,14,45
15,16,18,19,21,23,23,24,28,36,39,41,47,47,19,39
14,16,17,21,22,25,25,31,38,42,44,45,46,47,14,38
13,14,14,19,28,32,35,36,38,41,44,45,47,47,11,44
13,19,21,22,22,23,23,28,29,29,32,35,35,41,32,19
11,17,19,22,22,23,24,24,25,31,34,43,44,47,13,31
13,15,18,18,19,23,26,27,27,28,29,35,36,45,21,45
14,14,15,17,21,22,26,32,33,36,41,42,42,43,25,43
12,12,13,15,17,18,18,19,31,32,36,37,39,41,47,39
15,17,18,19,24,24,27,32,36,38,39,41,43,45,47,39
17,17,19,19,25,26,31,33,34,36,37,37,38,39,36,19
11,12,12,14,19,25,27,31,36,38,41,42,46,47,13,42
16,18,18,22,25,25,28,31,33,37,41,45,47,47,17,45
13,13,14,24,27,28,29,32,32,33,36,36,38,46,32,46
11,15,16,19,19,21,21,26,28,35,37,38,39,42,45,11
11,14,15,16,18,24,24,25,26,27,29,31,34,36,29,11
18,22,24,25,29,33,34,35,35,38,38,39,44,47,28,44
11,13,13,14,23,27,27,31,31,33,38,43,44,47,27,43
13,17,19,23,24,27,29,31,37,38,39,42,42,45,37,31
13,16,19,23,24,27,28,31,32,33,35,35,36,38,32,19
12,15,17,23,23,28,29,31,33,35,36,37,42,45,46,12
11,12,13,14,18,23,24,27,35,36,37,42,45,47,12,42
11,16,18,19,22,29,32,36,36,42,45,46,46,47,45,11
11,14,19,19,21,25,26,26,26,29,31,46,46,47,47,11
11,12,12,15,16,21,26,27,28,28,37,42,44,47,38,21
11,12,13,16,19,23,28,29,34,37,39,43,44,47,25,19
12,14,18,19,23,25,26,26,28,34,37,39,41,46,47,46
13,16,24,24,25,27,28,29,31,32,36,38,42,45,11,42
16,22,23,26,28,28,31,32,33,34,38,38,44,46,14,44
11,15,17,17,18,21,23,32,34,35,37,42,44,45,46,44
14,16,22,22,24,27,28,34,34,35,37,39,44,47,37,44
23,24,26,31,34,36,36,38,38,38,39,41,44,47,14,26
11,15,16,16,19,29,29,32,34,37,42,43,45,47,28,11
13,14,16,16,17,21,28,28,29,42,42,44,45,47,47,21
11,14,15,16,18,21,21,22,22,27,28,35,36,45,35,11
18,19,21,22,24,26,28,29,29,36,37,44,45,47,46,44
13,14,15,16,23,24,24,25,27,27,29,37,45,47,38,45
12,14,15,24,25,31,34,35,37,39,39,41,43,44,34,43
11,13,15,16,21,21,27,32,32,35,35,36,37,38,17,11
12,13,14,15,15,19,19,21,29,32,36,37,38,42,42,21
12,16,25,31,32,33,33,35,36,37,39,42,42,47,35,12
11,15,23,23,24,28,34,36,37,38,39,41,43,47,16,11
11,15,17,21,24,26,27,31,32,33,38,39,43,45,22,11
11,12,13,21,23,29,33,37,38,39,41,42,47,47,32,42
15,18,19,21,22,24,26,27,28,35,36,43,44,47,19,43
12,13,15,25,26,27,27,29,32,41,42,44,45,46,17,42
12,15,16,17,23,29,32,34,36,36,38,41,44,44,11,29
11,12,13,14,15,23,26,27,28,34,34,34,36,45,44,45
15,21,25,26,29,29,33,34,34,42,43,45,46,47,19,43
13,19,22,25,26,28,28,31,32,32,36,39,39,47,42,19
12,15,17,18,18,25,28,31,33,37,42,44,44,47,15,28
11,12,22,23,24,27,28,32,33,33,35,36,37,47,33,47
12,12,14,18,21,23,27,29,35,39,41,42,46,47,47,35
17,22,24,31,33,33,34,36,38,38,38,42,42,43,37,22
11,12,14,15,17,18,22,22,24,28,31,32,33,47,31,47
11,15,19,19,23,23,24,24,25,26,32,32,37,46,15,11
12,17,21,21,23,24,28,32,36,37,37,38,42,44,34,44
11,15,17,19,22,22,26,27,29,31,36,43,43,47,23,11
11,11,15,18,18,24,25,25,32,34,35,39,41,45,25,39
11,11,12,13,18,18,23,24,35,36,42,42,43,45,12,43
11,12,18,21,22,25,26,27,29,32,33,36,44,45,36,44
11,13,16,16,16,18,22,23,26,39,42,43,44,47,23,39
12,12,16,18,23,25,26,28,29,34,36,42,46,47,17,42
12,12,13,22,23,34,36,37,39,41,42,44,47,47,45,42
17,21,23,26,28,28,29,33,33,35,35,37,37,42,33,42
13,15,16,17,19,24,24,27,28,28,42,43,45,47,41,42
11,13,14,18,19,21,28,28,36,38,38,42,42,46,15,21
13,16,25,26,31,31,33,34,36,36,38,43,43,47,43,38
12,12,13,14,14,17,22,25,27,31,34,41,43,45,23,31
11,14,15,19,26,27,28,35,38,44,44,45,45,46,16,38
11,14,17,19,23,25,27,31,33,33,44,45,45,46,21,11
13,13,14,15,18,19,22,23,27,27,29,31,34,44,43,31
12,14,15,16,19,26,27,31,33,35,35,36,37,43,35,19
12,13,13,23,32,34,36,37,39,41,42,43,45,47,42,42
12,13,17,19,22,24,26,28,34,34,36,45,45,46,32,46
12,13,15,16,17,24,25,31,38,39,39,41,43,43,37,31
11,21,21,23,25,26,27,27,27,28,29,46,47,47,23,11
11,14,14,16,23,25,28,31,32,33,33,41,42,44,47,11
16,17,18,22,24,25,25,26,32,33,36,44,46,46,43,44
14,19,22,23,23,25,27,29,31,37,41,43,46,47,36,31
11,13,18,21,25,25,26,26,29,31,32,43,45,47,15,21
12,13,15,19,26,28,29,33,33,33,38,39,43,47,17,43
12,13,13,19,19,22,24,24,32,35,36,45,46,47,46,32
11,14,21,21,21,23,24,26,28,31,31,33,34,45,25,11
12,13,13,14,27,28,28,33,37,38,41,42,44,47,46,42
11,11,12,13,15,17,18,19,25,26,27,35,37,47,33,47
11,13,13,18,21,23,24,25,35,37,38,42,44,47,15,42
11,16,18,19,29,29,35,37,37,38,39,42,47,47,24,11
13,16,17,18,18,22,24,25,29,37,37,38,43,46,39,29
14,15,19,19,24,29,33,33,35,39,42,42,44,46,33,39
11,13,17,19,24,27,27,32,34,39,42,43,45,46,28,39
12,16,17,21,21,22,23,34,35,37,38,43,47,47,23,43
11,12,12,17,23,24,25,29,31,35,37,37,41,45,12,31
11,12,13,13,15,17,18,18,18,29,33,42,43,44,15,29
11,12,15,18,19,22,25,28,32,35,36,37,47,47,15,22
13,13,14,16,23,25,26,27,29,33,36,41,43,45,14,43
11,21,22,24,26,31,31,32,33,38,42,42,43,45,16,11
11,11,12,18,22,29,36,38,39,39,41,43,44,47,26,36
11,15,15,22,23,28,32,33,33,34,34,44,45,46,14,11
14,17,21,23,24,24,26,27,32,35,37,38,39,44,27,44
11,12,17,19,21,24,25,26,28,33,39,42,44,45,29,21
17,18,19,24,25,33,33,34,36,36,37,38,39,45,45,45
11,11,11,14,15,28,29,33,35,35,38,39,39,41,38,41
11,12,18,21,25,25,26,28,31,36,36,44,46,47,36,31
12,12,13,14,14,15,18,21,23,28,33,35,36,46,43,46
14,16,17,21,21,28,31,31,33,37,37,39,41,44,32,44
12,18,27,27,29,31,35,36,37,38,39,41,43,46,47,43
11,12,14,16,17,17,18,21,23,29,33,36,41,47,32,29
12,19,23,23,24,26,32,34,36,37,41,43,44,47,29,19
12,15,16,19,27,27,28,29,31,35,37,38,43,46,18,31
11,11,13,17,18,19,19,29,33,39,42,44,44,46,31,39
11,13,14,15,16,17,18,23,23,29,39,41,42,47,29,39
16,18,19,22,26,29,31,31,32,37,38,42,43,47,45,29
14,18,24,24,25,32,36,41,42,42,42,43,46,47,41,43
15,16,22,23,24,26,35,35,37,37,39,42,44,46,47,44
13,15,19,19,23,26,26,27,31,34,43,44,46,47,36,31
12,14,17,17,17,23,26,26,28,38,42,43,46,47,31,43
12,13,15,16,17,19,25,26,28,29,32,42,45,47,43,42
12,15,18,23,24,27,37,41,42,43,43,45,46,47,34,42
16,18,19,21,23,24,26,28,35,37,39,39,42,46,36,19
11,12,15,19,23,25,27,36,38,38,41,43,44,45,33,43
12,12,14,17,18,22,32,33,37,38,38,39,39,46,47,46
13,13,14,16,17,18,18,23,27,28,32,38,41,43,17,43
11,12,14,17,18,19,23,23,28,32,38,38,42,46,43,42
18,21,22,24,24,25,26,27,31,32,36,38,44,45,11,44
11,13,19,25,25,32,32,33,35,37,38,43,45,46,17,43
11,13,18,23,23,25,25,27,27,28,32,33,38,45,42,38
11,14,19,22,24,24,27,32,33,35,35,37,42,44,42,44
12,13,14,17,18,29,32,33,34,37,38,43,46,47,37,43
13,14,17,27,31,33,38,38,39,41,43,44,46,47,42,43
14,23,24,25,26,27,28,29,31,34,37,41,45,47,47,31
19,22,26,29,33,34,34,35,36,39,43,43,44,47,44,39
11,12,21,25,26,31,32,35,36,39,42,44,44,46,22,39
13,13,14,18,21,23,24,33,35,36,37,41,44,45,32,44
11,14,14,21,22,22,24,27,34,41,43,45,46,47,45,11
22,24,24,27,28,29,33,37,38,38,41,42,44,45,24,44
13,14,15,16,24,26,27,28,32,34,37,38,44,46,19,44
13,13,16,28,31,31,33,35,35,36,37,44,44,47,14,47
11,13,14,17,18,19,22,24,28,31,31,33,39,45,12,39
12,16,19,22,27,28,32,33,34,37,38,45,47,47,16,19
14,15,26,32,33,34,37,38,38,42,43,44,46,47,34,43
13,14,17,22,29,31,35,37,38,41,43,44,46,47,46,43
14,18,23,25,29,29,32,33,35,38,38,42,42,46,14,18
13,19,24,25,26,28,34,35,35,37,38,38,39,42,27,19
13,14,14,15,15,25,28,35,35,39,41,43,45,46,43,39
12,16,17,19,21,22,23,28,28,29,32,36,42,44,47,44
13,14,17,23,24,25,31,38,39,44,44,45,46,47,31,31
13,17,18,21,26,27,29,32,33,35,43,43,45,47,35,21
11,18,18,22,23,31,35,35,36,38,41,41,44,46,23,31
11,15,16,23,26,28,29,32,35,36,38,39,42,44,42,11
12,14,15,19,22,24,26,29,32,35,39,39,46,47,12,19
13,15,15,16,19,23,24,26,29,33,34,44,46,46,17,19
12,15,16,16,19,21,25,26,28,29,36,37,39,42,17,19
11,12,13,24,25,27,28,31,33,36,37,38,43,45,46,43
12,13,14,18,22,25,26,32,33,35,36,38,43,44,28,43
11,12,12,19,24,28,34,37,39,39,42,42,46,46,47,19
11,13,13,14,14,15,19,21,22,25,26,27,31,34,15,31
13,15,15,18,21,23,28,31,35,35,38,43,44,46,28,31
11,15,16,17,18,21,21,24,24,35,39,42,44,45,33,11
16,18,23,24,25,26,26,28,31,42,42,46,46,46,31,31
11,15,19,23,31,31,31,32,33,35,42,44,46,47,38,11
14,16,17,18,18,18,21,28,34,36,38,42,44,47,44,21
12,19,19,21,22,25,26,26,27,31,36,39,42,45,17,39
15,16,24,25,25,26,27,28,32,33,34,39,42,43,34,39
13,14,15,16,19,26,28,29,32,33,33,41,44,45,36,19
13,15,18,18,19,23,32,32,34,36,38,39,43,44,28,43
12,17,18,26,29,31,33,33,35,39,39,41,43,43,11,29
11,12,14,19,22,23,26,26,32,33,36,45,45,47,27,19
11,13,13,14,14,16,22,24,26,35,35,41,43,45,41,43
11,17,18,22,26,27,31,35,38,38,41,43,43,45,29,11
12,13,18,19,21,28,33,35,36,37,39,41,44,46,27,21
12,17,18,22,22,26,28,33,35,35,36,36,39,43,43,39
13,16,18,23,24,33,33,37,38,41,42,43,46,47,47,42
12,13,15,15,19,19,32,34,35,38,41,43,46,47,16,43
12,14,16,18,18,24,25,28,31,32,36,37,41,43,16,43
13,14,15,19,21,28,31,32,34,34,41,43,43,45,15,19
13,15,15,16,22,27,29,31,36,38,39,41,45,46,25,31
11,16,17,17,27,28,28,32,36,39,44,45,45,47,19,11
13,14,16,16,19,23,23,25,28,32,36,38,39,44,18,44
15,16,18,18,18,19,24,24,24,27,36,42,46,47,24,42
11,12,16,24,25,26,28,29,34,37,38,41,45,47,45,11
11,14,24,25,28,28,29,35,37,37,39,42,44,47,43,11
13,13,21,21,23,24,24,25,28,31,33,35,44,47,25,44
12,13,17,18,19,21,33,35,37,37,41,43,44,46,41,43
22,23,23,26,27,32,33,35,37,38,39,43,45,46,41,43
11,12,13,15,18,18,36,36,38,38,39,45,46,46,12,45
12,12,16,19,23,23,24,24,25,28,34,42,43,44,43,19
15,16,17,17,23,24,27,29,31,32,34,35,38,44,12,44
16,19,21,23,24,27,28,29,36,39,41,41,44,46,16,19
13,14,17,18,25,27,31,35,38,38,39,45,46,46,11,31
15,17,18,23,24,26,27,28,29,32,33,36,45,47,41,45
16,19,21,22,25,26,28,29,31,33,38,39,41,45,35,19
12,12,16,17,24,25,26,27,31,34,35,36,38,43,33,31
13,14,15,21,23,24,24,25,27,32,38,38,44,46,11,44
13,14,18,21,26,29,33,36,38,39,42,44,46,47,16,29
11,14,15,16,21,22,23,29,29,35,37,41,43,45,39,11
11,11,13,15,15,17,18,21,41,41,42,44,46,46,32,21
13,15,19,21,23,23,36,39,42,42,42,43,45,46,37,39
12,18,19,19,21,22,22,25,31,35,38,39,42,46,17,31
11,15,16,24,27,29,32,37,42,44,44,45,46,47,41,11
13,15,21,22,26,26,29,32,36,36,36,37,42,45,46,29
11,14,16,19,22,24,29,33,34,37,38,39,41,43,39,11
11,17,24,24,26,26,26,28,31,35,38,41,42,44,21,11
11,11,11,16,18,21,25,29,31,32,32,33,35,37,14,29
13,14,16,17,17,19,24,31,32,37,42,43,44,45,13,43
13,14,14,16,16,17,22,31,32,32,37,39,39,42,29,42
11,11,15,17,19,25,26,32,35,37,39,39,43,45,13,43
13,13,17,18,22,22,25,29,29,35,38,43,44,47,45,43
11,11,14,15,15,26,27,31,34,38,41,42,45,46,35,31
11,14,16,16,17,17,19,21,25,31,34,36,37,43,31,43
18,22,23,28,34,34,35,37,37,41,41,42,44,44,29,18
11,11,13,19,19,22,27,27,28,33,37,38,41,41,38,22
14,24,24,28,29,32,35,35,39,42,45,45,46,47,43,39
14,16,16,17,23,24,25,35,36,37,38,41,42,47,22,42
12,17,17,22,24,26,27,33,35,35,38,39,45,45,22,12
12,13,13,17,21,24,26,26,31,38,38,42,45,46,29,21
12,13,13,17,21,24,26,26,31,38,38,42,45,46,29,21
13,19,26,29,33,37,38,39,41,42,44,44,46,47,15,26
13,14,16,16,17,22,24,25,27,28,28,33,35,35,29,16
12,16,21,22,25,26,28,31,35,35,38,38,42,45,21,31
16,19,19,21,27,29,31,32,34,35,37,39,47,47,32,21
11,15,19,23,24,24,27,28,28,34,43,44,45,46,16,11
12,13,14,17,22,26,26,29,34,35,41,43,46,47,34,29
11,12,14,15,17,18,24,25,34,35,36,38,44,47,22,44
11,13,13,17,18,21,25,27,33,38,38,39,42,44,17,21
12,13,14,14,16,16,18,23,33,34,36,41,44,45,31,44
12,15,15,16,21,23,27,28,32,33,34,37,44,47,36,44
11,14,15,17,22,23,24,26,27,31,33,35,39,45,32,39
11,15,16,18,21,24,24,24,34,34,36,42,44,46,18,11
11,11,13,14,15,15,17,21,21,23,37,39,45,46,14,46
11,13,17,18,19,23,24,27,28,29,34,37,41,41,21,34
11,15,16,17,18,18,21,31,35,38,41,41,43,46,31,11
12,18,19,21,23,28,28,33,39,39,43,43,44,45,43,44
13,13,14,17,19,25,32,32,32,33,36,38,44,46,23,44
16,17,18,26,26,27,28,29,32,36,37,37,38,41,15,41
11,13,13,14,14,21,22,23,28,32,34,35,38,45,44,38
15,17,19,21,21,21,22,24,25,27,28,32,41,43,36,32
12,13,15,21,21,23,29,38,41,41,41,42,44,45,15,38
12,12,17,19,23,24,25,25,26,31,32,33,36,44,13,44
13,17,18,21,21,24,27,27,28,32,32,36,38,41,47,41
11,13,21,22,24,25,25,32,33,41,43,45,46,47,14,43
11,16,18,23,25,33,33,36,37,37,39,42,42,44,43,11
12,12,13,14,14,18,27,27,32,33,37,39,42,47,12,42
11,18,23,25,25,25,29,31,33,33,35,35,37,43,24,11
11,16,21,21,21,24,25,26,27,27,34,34,35,36,39,11
12,14,14,15,15,21,24,24,25,27,27,29,39,43,12,39
11,11,15,19,23,24,32,32,36,38,38,43,44,44,24,19
11,13,16,17,18,18,19,25,26,29,34,41,41,45,28,45
11,13,13,14,15,17,18,21,24,27,31,32,39,41,15,24
13,16,17,21,24,26,28,29,31,34,35,37,39,44,45,21
14,15,16,16,22,27,28,35,37,38,44,45,46,47,32,44
12,12,13,14,15,16,16,23,31,32,35,37,43,47,41,43
21,21,23,27,28,31,35,38,38,42,43,43,44,47,31,35
14,14,15,21,22,24,27,34,35,37,44,45,46,47,23,44
12,13,13,15,18,21,22,23,24,25,26,35,37,41,46,18
13,15,15,19,28,29,31,39,41,41,43,44,46,47,38,28
13,14,14,18,22,23,23,24,29,34,36,43,47,47,38,29
11,12,14,16,21,25,26,27,32,37,38,41,45,46,46,21
16,19,19,23,27,33,33,36,39,39,43,45,46,47,39,43
13,14,17,19,21,24,29,31,33,35,41,42,43,47,29,42
13,17,19,22,23,24,27,27,31,31,32,39,39,46,36,46
18,23,27,28,31,32,33,34,38,39,41,43,45,46,11,43
11,11,12,12,18,19,24,25,28,28,29,32,38,44,45,44
12,13,15,17,24,28,28,31,33,33,38,41,42,43,33,
14,16,17,19,21,22,25,26,29,31,33,37,38,44,28,44
14,15,15,17,19,25,34,36,38,42,43,44,45,47,21,42
11,11,14,15,16,17,19,22,27,29,32,34,38,44,12,44
11,14,14,15,16,18,23,25,25,29,39,39,42,45,11,42
15,16,16,18,18,18,19,23,25,27,27,33,41,45,43,45
13,17,19,22,25,25,28,34,35,37,39,43,45,46,21,43
12,12,15,21,24,25,26,27,28,28,33,35,36,45,33,21
13,15,16,22,24,24,26,28,31,31,41,42,47,47,32,42
12,14,18,19,21,23,26,28,31,38,41,42,43,43,19,31
12,14,18,19,21,23,26,28,31,38,41,42,43,43,19,31
13,14,17,17,23,25,26,26,31,33,35,35,39,45,28,39
11,11,12,12,22,22,26,29,29,35,41,42,46,47,22,42
16,19,23,24,25,32,32,34,35,36,38,39,39,42,44,42
11,11,11,12,14,19,23,27,28,28,29,43,46,47,38,43
14,15,16,17,19,25,26,27,31,31,35,36,41,45,17,45
12,14,16,19,21,24,27,27,31,32,33,35,38,39,37,21
11,16,19,19,24,27,27,29,32,36,39,42,44,46,28,39
13,16,18,21,22,26,27,31,33,37,39,41,44,46,16,44
11,12,12,13,15,16,17,18,19,22,28,36,37,47,24,47
11,11,16,25,26,28,31,32,33,34,35,36,37,38,25,
13,16,18,22,24,25,25,29,29,29,41,43,44,47,23,43
13,17,18,22,23,23,26,28,33,36,42,42,43,45,44,43
11,13,14,18,19,26,27,28,29,32,35,36,45,46,36,11
12,14,18,24,25,27,27,27,28,31,34,36,37,38,43,31
11,15,18,19,22,26,26,31,34,42,42,44,45,47,27,31
12,13,14,16,17,22,29,31,33,36,38,39,41,44,18,44
13,15,16,17,19,23,27,36,37,37,41,42,42,47,11,47
13,14,14,19,19,21,21,24,32,39,45,46,47,47,35,39
11,11,12,13,19,24,24,24,26,32,39,41,43,46,28,39
15,18,19,24,25,25,26,28,38,39,41,46,46,47,27,47
16,21,21,23,25,33,37,37,39,42,44,44,45,47,23,42
14,21,24,26,28,31,32,35,37,41,42,42,46,47,13,21
18,21,22,26,26,27,28,29,31,35,41,43,47,47,36,43
11,15,21,22,25,26,29,29,31,33,38,46,47,47,41,11
14,14,14,23,26,32,35,36,36,39,39,43,45,45,42,43
12,21,22,22,25,25,31,33,35,35,36,41,43,43,39,12
14,16,18,19,24,24,27,27,28,29,37,41,41,45,16,19
11,12,14,17,19,24,26,26,27,28,31,35,35,36,44,31
13,14,17,17,19,19,21,25,31,32,34,35,36,45,15,21
11,15,19,21,24,26,27,27,33,35,36,37,42,42,12,21
12,13,13,14,17,18,25,29,33,36,37,42,43,46,37,29
14,16,18,23,24,25,31,34,37,38,39,42,43,45,14,31
13,15,22,24,26,26,26,29,31,32,34,38,42,42,29,31
13,24,27,28,28,34,35,37,41,42,43,45,45,46,36,43
17,21,23,25,27,28,29,29,34,36,37,38,42,47,32,42
13,13,24,26,28,29,31,33,34,36,37,37,39,47,23,29
14,15,16,17,17,25,25,27,32,34,41,41,45,46,44,45
11,13,13,14,15,16,21,26,27,32,32,33,34,36,25,21
14,15,16,19,19,21,28,32,34,35,41,43,43,43,24,21
11,15,17,18,19,24,26,28,29,31,32,38,38,43,29,43
12,15,16,23,25,26,31,31,32,34,36,37,42,43,34,12
13,17,24,27,28,31,34,35,42,43,45,46,46,47,27,31
11,12,15,18,21,22,27,29,35,37,43,45,46,46,47,43
11,12,14,18,21,21,22,24,26,28,33,35,37,42,25,42
11,13,21,21,26,27,31,31,35,44,44,45,45,46,23,35
14,16,16,18,18,19,23,24,25,27,38,41,42,43,12,43
13,19,26,27,28,29,29,31,32,38,41,42,46,47,33,19
14,15,16,19,19,24,25,26,32,33,36,38,42,47,15,42
13,14,15,19,19,23,24,25,29,31,31,32,33,35,16,29
11,11,16,21,25,26,27,34,36,37,37,38,43,44,42,21
11,15,15,24,26,28,31,34,35,37,38,42,45,47,34,31
12,15,16,17,18,21,21,22,23,29,33,34,43,43,32,29
11,14,22,25,28,33,36,37,37,38,41,41,46,47,23,11
11,15,16,16,19,21,22,23,29,35,42,43,44,47,39,19
12,12,12,18,28,29,38,39,41,43,43,44,45,47,45,44
13,15,17,17,21,25,25,31,32,34,34,42,43,45,33,21
12,16,22,26,28,29,29,35,36,39,41,41,42,45,19,39
13,14,15,24,24,25,26,27,28,32,41,42,45,46,12,42
11,13,15,18,22,23,29,32,32,34,36,43,44,47,38,29
19,19,22,23,23,24,24,26,28,28,32,35,42,42,43,32
12,13,14,17,21,22,22,25,28,32,33,38,42,42,19,38
12,16,17,21,23,27,31,31,33,35,38,39,43,47,23,43
12,13,13,17,22,24,24,25,26,33,39,42,43,46,31,39
11,12,12,14,15,16,18,18,21,22,25,27,32,39,16,39
11,12,13,15,21,22,22,26,29,34,35,43,43,45,35,29
12,14,16,17,19,27,27,28,28,32,35,36,42,45,23,42
11,11,15,21,24,27,29,33,34,35,35,36,43,45,24,21
12,12,15,19,22,24,28,28,31,33,38,43,44,46,28,43
15,15,17,18,19,22,23,24,26,26,31,36,41,46,17,31
12,12,15,15,17,18,19,22,22,22,29,43,44,44,28,29
11,15,19,23,26,28,33,34,41,42,42,43,44,47,17,11
12,14,17,17,18,21,21,23,25,26,29,33,35,35,35,29
17,17,19,21,25,28,31,34,35,35,36,38,42,45,15,21
12,14,15,17,17,25,25,29,33,33,37,42,43,45,44,29
11,12,18,26,32,34,36,37,38,41,44,46,47,47,41,44
11,12,14,25,27,36,37,38,39,39,41,41,42,44,39,11
18,18,21,22,24,25,29,31,31,33,33,35,43,44,29,29
13,15,18,21,22,24,25,35,36,37,41,42,45,47,22,42
15,17,17,23,28,29,31,35,35,37,37,38,38,47,19,31
14,19,21,23,25,27,32,32,37,43,43,44,45,47,27,44
12,18,19,21,23,24,25,29,29,31,32,38,43,45,32,43
13,17,17,19,22,24,26,27,35,36,37,39,46,47,24,46
14,16,19,22,23,26,27,33,34,34,35,38,39,42,43,42
15,19,24,24,27,27,28,29,33,35,36,37,39,47,38,47
11,12,12,13,14,15,17,17,18,23,33,34,36,37,41,23
11,13,14,14,17,19,25,26,29,36,38,45,45,46,22,29
14,15,16,16,18,22,24,38,42,45,45,45,46,47,35,38
12,12,14,15,17,21,22,24,26,27,28,41,45,46,33,45
11,11,15,16,17,19,22,25,29,36,36,37,41,44,23,29
14,18,19,22,23,24,27,31,33,41,43,46,47,47,46,43
11,14,17,18,21,22,27,28,31,36,41,43,44,45,28,43
11,11,13,21,22,24,25,32,32,37,39,42,44,46,39,44
13,14,16,17,18,24,25,26,33,37,42,43,44,45,22,42
12,15,15,17,24,31,31,34,34,38,41,45,45,46,21,46
11,13,13,13,14,16,22,29,36,37,39,42,47,47,47,29
11,14,15,16,27,29,32,34,41,45,45,45,46,47,39,11
11,13,14,15,16,16,23,26,39,39,41,44,45,47,42,44
14,15,17,17,19,22,23,23,24,24,25,31,35,39,45,31
11,11,13,13,18,18,23,24,29,29,32,35,35,35,19,32
12,13,16,16,23,27,28,28,32,35,36,38,45,47,18,32
11,12,15,16,16,16,18,22,22,25,34,35,36,44,32,44
17,18,18,28,28,29,31,32,35,39,41,43,44,46,46,39
15,15,18,19,24,25,29,35,35,36,37,39,42,46,34,29
21,21,24,27,28,28,28,33,36,39,43,43,44,45,11,44
16,17,17,18,18,22,22,25,27,28,29,35,43,46,46,43
11,15,16,21,31,31,32,36,37,41,42,44,44,46,45,21
13,17,18,21,21,25,29,31,31,33,39,39,43,45,38,29
13,18,19,22,23,27,31,37,42,43,43,44,45,47,44,42
11,16,19,22,32,33,36,37,37,38,41,44,46,47,15,44
11,12,13,13,14,15,16,21,27,31,34,41,44,47,26,31
17,18,19,23,24,25,28,38,39,41,44,45,45,47,22,44
14,18,25,29,29,31,33,35,36,37,41,44,46,47,26,44
11,13,14,16,16,18,19,24,32,36,39,41,44,47,33,39
12,14,18,22,24,25,28,29,31,32,39,41,42,43,25,39
12,12,13,22,29,32,33,33,35,36,41,42,45,46,41,42
19,22,22,26,28,29,32,33,34,35,37,44,47,47,39,19
11,16,17,27,27,27,28,28,39,39,41,46,47,47,25,11
12,13,14,21,22,25,27,31,32,32,32,37,38,44,18,44
11,14,17,21,26,29,32,34,35,36,37,41,41,45,38,11
13,15,16,17,18,27,28,31,33,34,37,37,41,44,26,31
12,12,13,18,18,19,34,34,35,38,42,44,45,47,26,44
12,15,15,19,22,26,28,31,36,38,39,42,44,47,14,31
11,18,23,26,27,32,33,35,35,39,43,45,46,47,13,43
14,14,15,18,19,21,23,32,35,38,42,43,44,45,11,43
11,18,22,22,24,25,27,28,32,33,37,38,43,47,16,43
12,14,15,21,23,24,25,26,26,29,33,44,45,45,42,44
16,18,23,24,29,31,33,33,35,41,42,44,45,46,13,29
11,12,16,17,22,23,24,26,27,27,32,43,45,46,39,43
11,11,12,12,19,25,26,28,33,35,36,39,43,46,36,39
11,13,16,17,24,24,28,32,34,39,41,41,44,46,32,39
11,12,13,17,19,21,29,29,33,34,36,38,47,47,45,21
13,18,19,21,22,27,29,31,38,38,39,41,43,45,19,43
12,14,16,16,18,21,23,24,29,42,45,47,47,47,35,29
13,14,15,16,21,23,26,29,35,35,38,38,45,45,17,29
12,14,15,17,19,22,24,26,27,27,31,34,39,41,36,31
14,18,21,22,27,28,31,33,34,34,35,37,39,43,44,43
